{
  "best_global_step": null,
  "best_metric": null,
  "best_model_checkpoint": null,
  "epoch": 1.0,
  "eval_steps": 500,
  "global_step": 203,
  "is_hyper_param_search": false,
  "is_local_process_zero": true,
  "is_world_process_zero": true,
  "log_history": [
    {
      "epoch": 0.04938271604938271,
      "grad_norm": 0.6991884708404541,
      "learning_rate": 0.00019702970297029703,
      "loss": 1.7968,
      "mean_token_accuracy": 0.5538144081830978,
      "num_tokens": 4629.0,
      "step": 10
    },
    {
      "epoch": 0.09876543209876543,
      "grad_norm": 1.0770801305770874,
      "learning_rate": 0.00019372937293729375,
      "loss": 1.3459,
      "mean_token_accuracy": 0.6588880270719528,
      "num_tokens": 9391.0,
      "step": 20
    },
    {
      "epoch": 0.14814814814814814,
      "grad_norm": 1.0875146389007568,
      "learning_rate": 0.00019042904290429043,
      "loss": 1.1793,
      "mean_token_accuracy": 0.6816965013742446,
      "num_tokens": 14275.0,
      "step": 30
    },
    {
      "epoch": 0.19753086419753085,
      "grad_norm": 0.9341346025466919,
      "learning_rate": 0.00018712871287128715,
      "loss": 1.1467,
      "mean_token_accuracy": 0.6923538029193879,
      "num_tokens": 18938.0,
      "step": 40
    },
    {
      "epoch": 0.24691358024691357,
      "grad_norm": 0.9577082395553589,
      "learning_rate": 0.00018382838283828384,
      "loss": 1.0953,
      "mean_token_accuracy": 0.6974190652370453,
      "num_tokens": 23647.0,
      "step": 50
    },
    {
      "epoch": 0.2962962962962963,
      "grad_norm": 0.9484750032424927,
      "learning_rate": 0.00018052805280528052,
      "loss": 1.0456,
      "mean_token_accuracy": 0.6995309889316559,
      "num_tokens": 28300.0,
      "step": 60
    },
    {
      "epoch": 0.345679012345679,
      "grad_norm": 1.052362322807312,
      "learning_rate": 0.00017722772277227724,
      "loss": 0.9851,
      "mean_token_accuracy": 0.7133900344371795,
      "num_tokens": 33099.0,
      "step": 70
    },
    {
      "epoch": 0.3950617283950617,
      "grad_norm": 1.0555592775344849,
      "learning_rate": 0.00017392739273927395,
      "loss": 1.0318,
      "mean_token_accuracy": 0.7024430811405182,
      "num_tokens": 37854.0,
      "step": 80
    },
    {
      "epoch": 0.4444444444444444,
      "grad_norm": 1.1079390048980713,
      "learning_rate": 0.00017062706270627064,
      "loss": 1.0003,
      "mean_token_accuracy": 0.7118375390768051,
      "num_tokens": 42570.0,
      "step": 90
    },
    {
      "epoch": 0.49382716049382713,
      "grad_norm": 1.152773141860962,
      "learning_rate": 0.00016732673267326733,
      "loss": 0.9513,
      "mean_token_accuracy": 0.7230613648891449,
      "num_tokens": 47323.0,
      "step": 100
    },
    {
      "epoch": 0.5432098765432098,
      "grad_norm": 1.0038920640945435,
      "learning_rate": 0.00016402640264026404,
      "loss": 0.947,
      "mean_token_accuracy": 0.7332370430231094,
      "num_tokens": 52186.0,
      "step": 110
    },
    {
      "epoch": 0.5925925925925926,
      "grad_norm": 0.933544397354126,
      "learning_rate": 0.00016072607260726073,
      "loss": 0.9458,
      "mean_token_accuracy": 0.7286350101232528,
      "num_tokens": 56895.0,
      "step": 120
    },
    {
      "epoch": 0.6419753086419753,
      "grad_norm": 0.9714565277099609,
      "learning_rate": 0.00015742574257425745,
      "loss": 0.9459,
      "mean_token_accuracy": 0.7220704525709152,
      "num_tokens": 61605.0,
      "step": 130
    },
    {
      "epoch": 0.691358024691358,
      "grad_norm": 1.0133835077285767,
      "learning_rate": 0.00015412541254125413,
      "loss": 0.9176,
      "mean_token_accuracy": 0.724462953209877,
      "num_tokens": 66499.0,
      "step": 140
    },
    {
      "epoch": 0.7407407407407407,
      "grad_norm": 0.9981949329376221,
      "learning_rate": 0.00015082508250825082,
      "loss": 0.9066,
      "mean_token_accuracy": 0.7363958477973938,
      "num_tokens": 71209.0,
      "step": 150
    },
    {
      "epoch": 0.7901234567901234,
      "grad_norm": 0.9546211957931519,
      "learning_rate": 0.00014752475247524754,
      "loss": 0.8541,
      "mean_token_accuracy": 0.7469392061233521,
      "num_tokens": 75916.0,
      "step": 160
    },
    {
      "epoch": 0.8395061728395061,
      "grad_norm": 0.9865300059318542,
      "learning_rate": 0.00014422442244224422,
      "loss": 0.9128,
      "mean_token_accuracy": 0.7327179282903671,
      "num_tokens": 80588.0,
      "step": 170
    },
    {
      "epoch": 0.8888888888888888,
      "grad_norm": 1.0839370489120483,
      "learning_rate": 0.00014092409240924094,
      "loss": 0.8964,
      "mean_token_accuracy": 0.7339284181594848,
      "num_tokens": 85226.0,
      "step": 180
    },
    {
      "epoch": 0.9382716049382716,
      "grad_norm": 0.9585895538330078,
      "learning_rate": 0.00013762376237623763,
      "loss": 0.8707,
      "mean_token_accuracy": 0.7440397202968597,
      "num_tokens": 89842.0,
      "step": 190
    },
    {
      "epoch": 0.9876543209876543,
      "grad_norm": 1.195582389831543,
      "learning_rate": 0.00013432343234323431,
      "loss": 0.9003,
      "mean_token_accuracy": 0.734498405456543,
      "num_tokens": 94525.0,
      "step": 200
    }
  ],
  "logging_steps": 10,
  "max_steps": 606,
  "num_input_tokens_seen": 0,
  "num_train_epochs": 3,
  "save_steps": 500,
  "stateful_callbacks": {
    "TrainerControl": {
      "args": {
        "should_epoch_stop": false,
        "should_evaluate": false,
        "should_log": false,
        "should_save": true,
        "should_training_stop": false
      },
      "attributes": {}
    }
  },
  "total_flos": 1710999909580800.0,
  "train_batch_size": 4,
  "trial_name": null,
  "trial_params": null
}
