{
  "best_global_step": null,
  "best_metric": null,
  "best_model_checkpoint": null,
  "epoch": 2.0,
  "eval_steps": 500,
  "global_step": 406,
  "is_hyper_param_search": false,
  "is_local_process_zero": true,
  "is_world_process_zero": true,
  "log_history": [
    {
      "epoch": 0.04938271604938271,
      "grad_norm": 0.6991884708404541,
      "learning_rate": 0.00019702970297029703,
      "loss": 1.7968,
      "mean_token_accuracy": 0.5538144081830978,
      "num_tokens": 4629.0,
      "step": 10
    },
    {
      "epoch": 0.09876543209876543,
      "grad_norm": 1.0770801305770874,
      "learning_rate": 0.00019372937293729375,
      "loss": 1.3459,
      "mean_token_accuracy": 0.6588880270719528,
      "num_tokens": 9391.0,
      "step": 20
    },
    {
      "epoch": 0.14814814814814814,
      "grad_norm": 1.0875146389007568,
      "learning_rate": 0.00019042904290429043,
      "loss": 1.1793,
      "mean_token_accuracy": 0.6816965013742446,
      "num_tokens": 14275.0,
      "step": 30
    },
    {
      "epoch": 0.19753086419753085,
      "grad_norm": 0.9341346025466919,
      "learning_rate": 0.00018712871287128715,
      "loss": 1.1467,
      "mean_token_accuracy": 0.6923538029193879,
      "num_tokens": 18938.0,
      "step": 40
    },
    {
      "epoch": 0.24691358024691357,
      "grad_norm": 0.9577082395553589,
      "learning_rate": 0.00018382838283828384,
      "loss": 1.0953,
      "mean_token_accuracy": 0.6974190652370453,
      "num_tokens": 23647.0,
      "step": 50
    },
    {
      "epoch": 0.2962962962962963,
      "grad_norm": 0.9484750032424927,
      "learning_rate": 0.00018052805280528052,
      "loss": 1.0456,
      "mean_token_accuracy": 0.6995309889316559,
      "num_tokens": 28300.0,
      "step": 60
    },
    {
      "epoch": 0.345679012345679,
      "grad_norm": 1.052362322807312,
      "learning_rate": 0.00017722772277227724,
      "loss": 0.9851,
      "mean_token_accuracy": 0.7133900344371795,
      "num_tokens": 33099.0,
      "step": 70
    },
    {
      "epoch": 0.3950617283950617,
      "grad_norm": 1.0555592775344849,
      "learning_rate": 0.00017392739273927395,
      "loss": 1.0318,
      "mean_token_accuracy": 0.7024430811405182,
      "num_tokens": 37854.0,
      "step": 80
    },
    {
      "epoch": 0.4444444444444444,
      "grad_norm": 1.1079390048980713,
      "learning_rate": 0.00017062706270627064,
      "loss": 1.0003,
      "mean_token_accuracy": 0.7118375390768051,
      "num_tokens": 42570.0,
      "step": 90
    },
    {
      "epoch": 0.49382716049382713,
      "grad_norm": 1.152773141860962,
      "learning_rate": 0.00016732673267326733,
      "loss": 0.9513,
      "mean_token_accuracy": 0.7230613648891449,
      "num_tokens": 47323.0,
      "step": 100
    },
    {
      "epoch": 0.5432098765432098,
      "grad_norm": 1.0038920640945435,
      "learning_rate": 0.00016402640264026404,
      "loss": 0.947,
      "mean_token_accuracy": 0.7332370430231094,
      "num_tokens": 52186.0,
      "step": 110
    },
    {
      "epoch": 0.5925925925925926,
      "grad_norm": 0.933544397354126,
      "learning_rate": 0.00016072607260726073,
      "loss": 0.9458,
      "mean_token_accuracy": 0.7286350101232528,
      "num_tokens": 56895.0,
      "step": 120
    },
    {
      "epoch": 0.6419753086419753,
      "grad_norm": 0.9714565277099609,
      "learning_rate": 0.00015742574257425745,
      "loss": 0.9459,
      "mean_token_accuracy": 0.7220704525709152,
      "num_tokens": 61605.0,
      "step": 130
    },
    {
      "epoch": 0.691358024691358,
      "grad_norm": 1.0133835077285767,
      "learning_rate": 0.00015412541254125413,
      "loss": 0.9176,
      "mean_token_accuracy": 0.724462953209877,
      "num_tokens": 66499.0,
      "step": 140
    },
    {
      "epoch": 0.7407407407407407,
      "grad_norm": 0.9981949329376221,
      "learning_rate": 0.00015082508250825082,
      "loss": 0.9066,
      "mean_token_accuracy": 0.7363958477973938,
      "num_tokens": 71209.0,
      "step": 150
    },
    {
      "epoch": 0.7901234567901234,
      "grad_norm": 0.9546211957931519,
      "learning_rate": 0.00014752475247524754,
      "loss": 0.8541,
      "mean_token_accuracy": 0.7469392061233521,
      "num_tokens": 75916.0,
      "step": 160
    },
    {
      "epoch": 0.8395061728395061,
      "grad_norm": 0.9865300059318542,
      "learning_rate": 0.00014422442244224422,
      "loss": 0.9128,
      "mean_token_accuracy": 0.7327179282903671,
      "num_tokens": 80588.0,
      "step": 170
    },
    {
      "epoch": 0.8888888888888888,
      "grad_norm": 1.0839370489120483,
      "learning_rate": 0.00014092409240924094,
      "loss": 0.8964,
      "mean_token_accuracy": 0.7339284181594848,
      "num_tokens": 85226.0,
      "step": 180
    },
    {
      "epoch": 0.9382716049382716,
      "grad_norm": 0.9585895538330078,
      "learning_rate": 0.00013762376237623763,
      "loss": 0.8707,
      "mean_token_accuracy": 0.7440397202968597,
      "num_tokens": 89842.0,
      "step": 190
    },
    {
      "epoch": 0.9876543209876543,
      "grad_norm": 1.195582389831543,
      "learning_rate": 0.00013432343234323431,
      "loss": 0.9003,
      "mean_token_accuracy": 0.734498405456543,
      "num_tokens": 94525.0,
      "step": 200
    },
    {
      "epoch": 1.0345679012345679,
      "grad_norm": 1.0090796947479248,
      "learning_rate": 0.00013102310231023103,
      "loss": 0.8451,
      "mean_token_accuracy": 0.7457977533340454,
      "num_tokens": 99069.0,
      "step": 210
    },
    {
      "epoch": 1.0839506172839506,
      "grad_norm": 1.1227614879608154,
      "learning_rate": 0.00012772277227722774,
      "loss": 0.8319,
      "mean_token_accuracy": 0.7535759061574936,
      "num_tokens": 103866.0,
      "step": 220
    },
    {
      "epoch": 1.1333333333333333,
      "grad_norm": 1.1280596256256104,
      "learning_rate": 0.00012442244224422443,
      "loss": 0.9034,
      "mean_token_accuracy": 0.7335882246494293,
      "num_tokens": 108543.0,
      "step": 230
    },
    {
      "epoch": 1.182716049382716,
      "grad_norm": 1.057458758354187,
      "learning_rate": 0.00012112211221122112,
      "loss": 0.8439,
      "mean_token_accuracy": 0.7448193073272705,
      "num_tokens": 113357.0,
      "step": 240
    },
    {
      "epoch": 1.2320987654320987,
      "grad_norm": 1.0001276731491089,
      "learning_rate": 0.00011782178217821782,
      "loss": 0.8053,
      "mean_token_accuracy": 0.7565712660551072,
      "num_tokens": 118100.0,
      "step": 250
    },
    {
      "epoch": 1.2814814814814814,
      "grad_norm": 1.0848591327667236,
      "learning_rate": 0.00011452145214521452,
      "loss": 0.8633,
      "mean_token_accuracy": 0.7410259932279587,
      "num_tokens": 122783.0,
      "step": 260
    },
    {
      "epoch": 1.3308641975308642,
      "grad_norm": 1.0092639923095703,
      "learning_rate": 0.00011122112211221122,
      "loss": 0.8494,
      "mean_token_accuracy": 0.7410861402750015,
      "num_tokens": 127445.0,
      "step": 270
    },
    {
      "epoch": 1.3802469135802469,
      "grad_norm": 1.053540587425232,
      "learning_rate": 0.00010792079207920794,
      "loss": 0.8187,
      "mean_token_accuracy": 0.7501388549804687,
      "num_tokens": 132130.0,
      "step": 280
    },
    {
      "epoch": 1.4296296296296296,
      "grad_norm": 1.0559419393539429,
      "learning_rate": 0.00010462046204620461,
      "loss": 0.7914,
      "mean_token_accuracy": 0.7555176854133606,
      "num_tokens": 136905.0,
      "step": 290
    },
    {
      "epoch": 1.4790123456790123,
      "grad_norm": 1.0312237739562988,
      "learning_rate": 0.00010132013201320131,
      "loss": 0.8546,
      "mean_token_accuracy": 0.7377148866653442,
      "num_tokens": 141668.0,
      "step": 300
    },
    {
      "epoch": 1.528395061728395,
      "grad_norm": 1.0820072889328003,
      "learning_rate": 9.801980198019803e-05,
      "loss": 0.7959,
      "mean_token_accuracy": 0.7551321536302567,
      "num_tokens": 146453.0,
      "step": 310
    },
    {
      "epoch": 1.5777777777777777,
      "grad_norm": 1.071677803993225,
      "learning_rate": 9.471947194719473e-05,
      "loss": 0.8275,
      "mean_token_accuracy": 0.7490348666906357,
      "num_tokens": 151261.0,
      "step": 320
    },
    {
      "epoch": 1.6271604938271604,
      "grad_norm": 1.139319896697998,
      "learning_rate": 9.141914191419142e-05,
      "loss": 0.8331,
      "mean_token_accuracy": 0.7545921057462692,
      "num_tokens": 155855.0,
      "step": 330
    },
    {
      "epoch": 1.6765432098765434,
      "grad_norm": 1.1930192708969116,
      "learning_rate": 8.811881188118812e-05,
      "loss": 0.8065,
      "mean_token_accuracy": 0.7600812792778016,
      "num_tokens": 160575.0,
      "step": 340
    },
    {
      "epoch": 1.7259259259259259,
      "grad_norm": 1.0975232124328613,
      "learning_rate": 8.481848184818483e-05,
      "loss": 0.8331,
      "mean_token_accuracy": 0.74840207695961,
      "num_tokens": 165311.0,
      "step": 350
    },
    {
      "epoch": 1.7753086419753088,
      "grad_norm": 1.043578863143921,
      "learning_rate": 8.151815181518152e-05,
      "loss": 0.7988,
      "mean_token_accuracy": 0.758792382478714,
      "num_tokens": 170029.0,
      "step": 360
    },
    {
      "epoch": 1.8246913580246913,
      "grad_norm": 1.2602430582046509,
      "learning_rate": 7.821782178217822e-05,
      "loss": 0.837,
      "mean_token_accuracy": 0.744139364361763,
      "num_tokens": 174743.0,
      "step": 370
    },
    {
      "epoch": 1.8740740740740742,
      "grad_norm": 1.1437194347381592,
      "learning_rate": 7.491749174917492e-05,
      "loss": 0.8439,
      "mean_token_accuracy": 0.7473227471113205,
      "num_tokens": 179445.0,
      "step": 380
    },
    {
      "epoch": 1.9234567901234567,
      "grad_norm": 1.1693611145019531,
      "learning_rate": 7.161716171617162e-05,
      "loss": 0.7728,
      "mean_token_accuracy": 0.7639361530542373,
      "num_tokens": 184138.0,
      "step": 390
    },
    {
      "epoch": 1.9728395061728397,
      "grad_norm": 1.1374990940093994,
      "learning_rate": 6.831683168316833e-05,
      "loss": 0.8066,
      "mean_token_accuracy": 0.7546426296234131,
      "num_tokens": 188785.0,
      "step": 400
    }
  ],
  "logging_steps": 10,
  "max_steps": 606,
  "num_input_tokens_seen": 0,
  "num_train_epochs": 3,
  "save_steps": 500,
  "stateful_callbacks": {
    "TrainerControl": {
      "args": {
        "should_epoch_stop": false,
        "should_evaluate": false,
        "should_log": false,
        "should_save": true,
        "should_training_stop": false
      },
      "attributes": {}
    }
  },
  "total_flos": 3418881968824320.0,
  "train_batch_size": 4,
  "trial_name": null,
  "trial_params": null
}
